prevalence_rate_first_analyzer,prevalence_rate_second_analyzer,work_rate,sensitivity,specificity,fix_rate,break_rate,tot,Pinit,Ninit,PWinit,NWinit,TP1,FP1,TN1,FN1,Pinfix,Ninfix,PWinfix,NWinfix,Poutfix,Noutfix,PWoutfix,NWoutfix,TP2,FP2,TN2,FN2,Pout,Nout,PWout,NWout,TPout,FPout,TNout,FNout,Accuracy,Precision,Sensitivity
0.2133,0.0467,0,0.43088916206932776,0.8143345300111926,0.5,0,10000,5037,4963,2571,2459,2133,923,4040,2904,2133,923,1061,467,3940,6060,1998,3032,467,396,1624,569,3940,6060,1998,3032,467,396,5664,3473,0.6131,0.541135573580533,0.11852791878172589
0.2147,0.047,0,0.43088916206932776,0.8143345300111926,0.5,0.2,10000,5037,4963,2571,2459,2147,881,4082,2890,2147,881,1085,395,3978,6022,1912,2832,470,376,1564,618,3978,6022,1912,2832,470,376,5646,3508,0.6116,0.5555555555555556,0.11814982403217697
0.2119,0.0449,0,0.43088916206932776,0.8143345300111926,0.5,0.3,10000,5037,4963,2571,2459,2119,925,4038,2918,2119,925,1072,460,3928,6072,1857,2724,449,377,1657,561,3928,6072,1857,2724,449,377,5695,3479,0.6144,0.5435835351089588,0.11430753564154786
0.2134,0.0251,0,0.43088916206932776,0.8143345300111926,0.7,0,10000,5037,4963,2571,2459,2134,954,4009,2903,2134,954,1094,488,3498,6502,1795,3235,251,454,2039,344,3498,6502,1795,3235,251,454,6048,3247,0.6299,0.35602836879432626,0.07175528873642081
0.2199,0.0277,0,0.43088916206932776,0.8143345300111926,0.7,0.2,10000,5037,4963,2571,2459,2199,941,4022,2838,2199,941,1122,449,3484,6516,1723,2989,277,458,2036,369,3484,6516,1723,2989,277,458,6058,3207,0.6335,0.3768707482993197,0.07950631458094144
0.2149,0.0303,0,0.43088916206932776,0.8143345300111926,0.7,0.3,10000,5037,4963,2571,2459,2149,932,4031,2888,2149,932,1110,452,3529,6471,1668,2872,303,438,2002,338,3529,6471,1668,2872,303,438,6033,3226,0.6336,0.4089068825910931,0.08586001700198356
0.2174,0.0106,0,0.43088916206932776,0.8143345300111926,0.9,0,10000,5037,4963,2571,2459,2174,895,4068,2863,2174,895,1103,433,3096,6904,1585,3445,106,535,2301,127,3096,6904,1585,3445,106,535,6369,2990,0.6475,0.16536661466458658,0.034237726098191215
